{"cameraMode":{"drawMode":0,"name":"Shaded","section":"Shading Mode"},"sceneLighting":false,"audioPlay":false,"sceneViewState":{"showFog":true,"showMaterialUpdate":false,"showSkybox":false,"showFlares":true,"showImageEffects":true,"showParticleSystems":true},"in2DMode":false,"pivot":{"x":0.3546321392059326,"y":0.21948540210723878,"z":0.3931862711906433},"rotation":{"x":-0.28693655133247378,"y":0.4721490144729614,"z":-0.16585367918014527,"w":-0.8168452978134155},"size":2.8578836917877199,"orthographic":false}